{
    "brick": {
        "_source": {
            "data": {
                "frame": {
                    "point": [
                        -0.029999999999999999, 
                        -0.014999999999999999, 
                        0.0
                    ], 
                    "xaxis": [
                        1.0, 
                        0.0, 
                        0.0
                    ], 
                    "yaxis": [
                        0.0, 
                        1.0, 
                        0.0
                    ]
                }, 
                "xsize": 0.059999999999999998, 
                "ysize": 0.029999999999999999, 
                "zsize": 0.014
            }, 
            "dtype": "compas.geometry.primitives.shapes.box/Box"
        }, 
        "frame": {
            "point": [
                0.0, 
                0.0, 
                0.014
            ], 
            "xaxis": [
                1.0, 
                0.0, 
                0.0
            ], 
            "yaxis": [
                0.0, 
                1.0, 
                0.0
            ]
        }
    }, 
    "brick_dimensions": [
        0.059999999999999998, 
        0.029999999999999999, 
        0.014
    ], 
    "halfbrick": {
        "_source": {
            "data": {
                "frame": {
                    "point": [
                        -0.014999999999999999, 
                        -0.014999999999999999, 
                        0.0
                    ], 
                    "xaxis": [
                        1.0, 
                        0.0, 
                        0.0
                    ], 
                    "yaxis": [
                        0.0, 
                        1.0, 
                        0.0
                    ]
                }, 
                "xsize": 0.029999999999999999, 
                "ysize": 0.029999999999999999, 
                "zsize": 0.014
            }, 
            "dtype": "compas.geometry.primitives.shapes.box/Box"
        }, 
        "frame": {
            "point": [
                0.0, 
                0.0, 
                0.014
            ], 
            "xaxis": [
                1.0, 
                0.0, 
                0.0
            ], 
            "yaxis": [
                0.0, 
                1.0, 
                0.0
            ]
        }
    }, 
    "picking_configuration": {
        "types": [
            0, 
            0, 
            0, 
            0, 
            0, 
            0
        ], 
        "values": [
            -6.027, 
            4.443, 
            -2.313, 
            5.724, 
            1.571, 
            -2.885
        ]
    }, 
    "picking_frame": {
        "point": [
            -0.42999999999999999, 
            0.0, 
            0.014
        ], 
        "xaxis": [
            1.0, 
            0.0, 
            0.0
        ], 
        "yaxis": [
            0.0, 
            1.0, 
            0.0
        ]
    }, 
    "savelevel_vector": [
        0.0, 
        0.0, 
        0.050000000000000003
    ], 
    "tolerance_vector": [
        0.0, 
        0.0, 
        0.001
    ]
}